"Opinion","Region","Sex","Age","Satis"
"海岸の美化・清掃　　航空運賃を安くする　　那覇の交通渋滞緩和","関東","男性","３０代","やや満足"
"花粉で悩んでいますので、今回過去に訪れて思い切り美味しいクシャミの出ない空気を吸えて幸せでした。今後花粉の時季に3ヶ月くらいを目途に滞在を考えております。そういう宿泊施設の宣伝等ありましたら、観光情報とともにインターネットで流していただくと利用しやすく有難く思っています。","関東","女性","６０代","やや満足"
"空港→国際通りまでタクシーを利用。乗車したらどちらまで、下車したらありがとうございますの基本動作が全く無い。沖縄の観光のためにもお客様に気持ちよく帰ってもらう為にも教育をした方が良い。","関東","男性","５０代","やや満足"
"気候が暖かくて住みやすく、沖縄の人たちは名古屋人と違ってのんびりしていて楽しい。車もせかす人もいなく運転しやすかった。今回友達と来たけど、次回は母と一緒に遊びに行きたいです。","中部","女性","２０代","大変満足"
"今回の旅行では連日観光バスを利用した中で、ガイドさんの案内や対応が素晴らしく感銘しました。このようなことが一層沖縄のイメージをアップさせていくことだと思われました。","近畿","男性","６０代","大変満足"
"国道の渋滞が解消されると移動に便利。","関東","女性","２０代","やや満足"
"２月は雨が多いとは、知りませんでした。残念でした。天気が良かったら素晴らしい海の色が目に見えるでしょう。又行きます。","中部","男性","７０代","やや満足"
"少々強行スケジュールでしたが、行ってみたかった観光地・施設は抑えてくださっていたので満足しております。次回は３泊４日くらいで再度観光したいと思っております。","九州","男性","７０代","大変満足"
"路面は車でぎっしりなので電車でも通っていたら、と思いました。","北海道・東北","女性","５０代","大変満足"
"自然の保護と回帰","九州","男性","６０代","大変満足"
"個人的に昔から沖縄音楽が好きで良く聴いていました。「ハイサイオジサン」など。ただ、沖縄料理はあまり口に合わず、ＢＵＴステーキはおいしかった。","関東","男性","４０代","やや満足"
"日本国内と沖縄との違いを皆に知ってもらいたいと思います。日本の南端の食生活、植物の違いを楽しんで知りたいと思います。本土のゴーヤと沖縄のゴーヤの食べ方、味に違いが有り、楽しく食べました。沖縄は余り近代化せずに古い風景を残してほしいです。食べ物なども。","中国・四国","女性","５０代","やや満足"
"バスの運転手さんがバスガイドをしてくれて話も上手で飽きない会話、惹き付ける話し方が上手だったので楽しかった。他の観光地では見られないことです。水牛に乗って三線と歌が聴けて沖縄らしさを感じた。","中国・四国","女性","４０代","やや満足"
"ゴルフ旅行であったが出会う人が親切であった。他県では比べようもないほど親切であった。","九州","男性","７０代","やや満足"
"沖縄旅行は高いイメージがある。特に休日。グアムやハワイに言ったほうが安くて景色もきれいと思ってしまうが沖縄の海もとてもきれいだったのでもう少し安く旅行ができるといいなとおもう。","関東","女性","３０代","やや満足"
"大変なことかもしれませんができる限り自然を守っていただきたいです。","関東","男性","６０代","大変満足"
"飛行機の待ち時間が多すぎる。","関東","男性","７０代","やや不満"
"道路標識、レンタカーの地図がわかりにくかった。レンタカー会社は親切だけど丁寧ではなかった。","中国・四国","女性","６０代","やや満足"
"島民のドライバーの交通違反が目立つ。ウインカーも出さずに急な右左折が多い","関東","男性","７０代","やや満足"
"沖縄大好きです！ホエールウォッチングのためにこの時期に沖縄へ行ったのは３度目ですが、３度とも舟が出航できずに終わりました。来年もチャレンジするぞ！ダイビングもしたいな。","九州","女性","２０代","やや満足"
"一番の問題は飛行機の値段の高さです。もっと値を下げて頂ければもっと通いやすい。また、いつも石垣に行くのですが、沖縄米軍の諸問題や土地の乱開発も悲しい。私はあと１０年くらい先に、本気で移住したいと考えているのですがこのままでは不安も多い。","関東","男性","３０代","やや満足"
"素晴らしい海の色と赤瓦はいつまでも残したい風景です。生活排水で汚さないように、また、観光客はそこに住む人々の生活をやたらにかきまわさない様にしたいと思いました。","関東","女性","６０代","大変満足"
"観光付きのパッケージ旅行でももっと景勝地巡りを取り入れて欲しい。","関東","男性","７０代","やや満足"
"沖縄観光については特に不満等はありません。しいていうならば那覇市内の渋滞くらいです。免税店ショッピングができたことでより楽しみが増えました。","関東","男性","３０代","大変満足"
"環境に配慮した取り組みを。◆モノレールの延伸◆アイドリングストップ装置のバス取り付け義務化◆市街地へのＬＲＴの導入（路面電車）　　　　　交通弱者への配慮を！！","関東","男性","４０代","やや不満"
"もう少し運転マナーがいいといいなと思いました。（横断歩道を青信号で渡ろうとしたら、右折車が入ってきてびっくりしました。）","関東","女性","３０代","やや満足"
"沖縄の方やタクシー運転手の運転がとても荒いため、何度か怖い思いをしました。また那覇市内は混みやすいのに昼間に工事をしていたり、道が入り組んでいてわかりにくい場所も多かったので改善したらもっとスムーズにいくと思いました。また、高速道路にライトがなかったため夜に通るのが危なかった。暗いために皆がライトを最大にしていて、対向車がすれ違った時など、危険を感じました。","近畿","女性","２０代","大変満足"
"思った以上に観光客が多く、観光客のマナーの悪さが目立った。今度は離島に行きたいです。","関東","女性","３０代","大変満足"
"ありがとう、又行きたい。青い海と風と人に。2月に観たハイビスカスの赤。島民の黒髪と笑顔。どちらかといえば安全運転、駐車を守っていることに感心しました。","関東","女性","６０代","大変満足"
"沖縄は車社会であります。観光もバス、レンタカーが中心と思われます。道路の整備、駐車場の使いやすさだと思います。","関東","男性","５０代","大変満足"
"トータル的に満足した旅行でしたが、不満もあります。①ビーチホテルの浴衣、のり付けも無く、古びたもの。個人で選択し、よれよれになったものを出され気分が悪かった。②ホテルの夕食時、食事中に空になった器を次々に下げて、まるで監視され食事しているみたいで不愉快だった。しかし、良かった点も多くあり、特に西表バスの運転手さん２名は、観光に対する努力が見られました。2人の運転手さんにお礼を申し上げたい。今回の旅行は島の人一人一人が地域を背負っている気配りが感じられ嬉しかった。","九州","女性","６０代",NA
"那覇市内の交通渋滞がこれ以上悪くなると大きな欠点になると思います。","中部","女性","６０代","やや満足"
"パック旅行は便利だが見たいところで時間が取れず、土産店など余分なところに時間がとられるので次回からは個人で沖縄を旅行したいと思っている。しかし、そうなると、島内での移動手段が不安で情報収集に自信がない。（インターネット利用ができないので）。","中部","女性","６０代","大変不満"
"宮古島は、まだ観光客も少なく、素朴な感じがした。砂浜の美しさ水の美しさはポスターどおりでした。でも夏などは人が多くなるのでしょうね。","中部","女性","５０代","大変満足"
"観光客を大切にしようという配慮が随所に感じられる。花壇などよく整備されている。世界遺産のあたりも造形よくなされ、整備されていると思いました。雨のため、美ら海の美しさが見えなかったのが残念でしたが、ほかの面で充分満足しました。この2、3年のうちにもう一度沖縄へと思っています.バスガイドの懸命な仕事振りに敬意を表します。","中部","男性","７０代","大変満足"
"海に入れない冬でも離島を満喫できるのか知りたい。雨の日でも楽しめるのか。今度は島巡りをしてみたい。","中部","女性","２０代","やや満足"
"開発、便利も必要ですが、美しい自然を残して欲しい。","中部",NA,NA,"大変満足"
"景観　みどり　海","近畿","男性","７０代","やや満足"
"今回初めて観光しましたが美ら海水族館にもいけず、スケジュールがうまく行きませんでした。渋滞がすごかったので時間がかかり残念でした。旅行が趣味なので1ヶ月以上前からスケジュールを立てていたのでもう一度考え直して沖縄を旅行したいと考えています。免税店でのショッピングはすばらしく、また楽しみたいと思っています。今回は天気に恵まれず残念でしたが、プロ野球のキャンプとも重なり、思いがけない人たちとの思い出が作れてラッキーでした。楽しい旅行を有難うございました。","関東","女性","４０代","やや満足"
"レンタカーで移動しましたが市内の混雑しているところでも開けてくださり驚きました。安心して運転できました。それに、皆さんとても親切に思いました。","近畿","女性","５０代","やや満足"
"道がでこぼこしていて雨の日に滑りやすい。運転が怖い。","九州","男性","２０代","やや満足"
"島の人がとても親切でした。","中国・四国","女性","５０代","やや満足"
"本島の方も同様だと思いますが石垣島の方はやさしい.人情に厚く、とてもよい人たちばかりでした。すごい心地よい気持ちでいっぱいです。またこさせていただきます。","中国・四国","女性","５０代","やや満足"
"　ちょっと中心街を外れると人家もまばらとなり頼りは案内標識ですが少ないと思いました。間違えても10分か15分だろうと、てきとうに行動しました。
　平均的に沖縄は食べ物がまずいと思う。そういう気持ちで何度も来てはいるのですが、肉類は美味しいのですが外国人観光客はまず食の問題で困るような一面があるかと思う。
　沖縄のセールスポイントは海、自然と考えています。","関東","男性","７０代","やや満足"
"ゴミのリサイクル方法をさらに考えていき美しい自然を守りつづけて欲しいと思います。（旅行者のマナーを良くする必要もあるでしょうが。）ますます発展されますことをねがっております。又来年、プロ野球キャンプを見に来たいと思っております。","関東","男性","６０代","大変満足"
"パンフレットの内容と実際が大きく違う。悪い意味でです。例えばフルーツパークにフルーツが無い。少しがっかりです。パイナップルの食べ放題が試食のようになっていた。施設の閉館時間が早い。","関東","女性","２０代","やや満足"
"今、沖縄観光は追い風が吹いているから今のうちに将来に向けて準備を是非。中高年以上にはおいしくない料理が多い。特に観光施設周辺の食堂はひどい。（沖縄だけではないのでしょうが。）美しい海は沖縄最大の財産。是非守ってください。","近畿","男性","５０代","やや満足"
"ラッシュは58号線の混雑がこまる。　モノレールを首里より浦添→名護までを希望する。","中部","男性","７０代",NA
"那覇は今回で③回目ですが、島に渡ったのは初めてでしたのでいい経験をさせていただきました。水牛車に乗って海を渡りながら三線の弾き語りを聞き、とても良かったです。","九州","女性","５０代","大変満足"
"那覇中心街の道路混雑の解消","関東","男性","５０代","やや満足"
"パンフレットに書いてあるところでも案内板が少なく、近くまで来ていてもわからないときがある。","中部","女性",NA,"やや満足"
"沖縄の離島について羽田からの直行便がほしい。　　　航空料金の値下げ","関東","男性","４０代","やや満足"
"沖縄県人は親切です。特に与那国波照間の人情さに感動しました。","近畿","男性","６０代","やや満足"
"沖縄で、リゾートウェディングで結婚式を挙げることを目的に家族、親族13人で行きました。挙式も大満足でしたが、どこに行っても店員さんが親切で良かったです。ただ、レンタカーで運転したのですが、交通マナーが悪く（ウインカーを出さない、車線変更をさせてくれない）恐ろしかったです。結局レンタカーは初日だけ使って、後はタクシー等を利用しました。観光タクシーを利用したグループはよかったと言っていたので今度はタクシーを使います。","北海道・東北","女性","３０代","大変満足"
"土産品の値段が場所によって随分違うのに驚きました。","北海道・東北","女性","５０代","やや満足"
"1回目は団体で各地を観光致しましたが、今回は完全な休養型でしたので個人で街に出て沖縄の地元の料理を食べたり、ホテルでリッチな気分で食事をしたりとあわただしいバス移動もしませんでしたので本当に楽しかったです。こういう旅も良いと思います。またホテルはとてもよかったです。海側の特別室できれいでした。","中部","女性","６０代","大変満足"
"車の量が多い。以前はレンタカーを使っていたけど市街地の車の多さ、レンタカーだらけの道で最近は専らゆいれーると歩くことにしている。ゆいれーるを環状にしてほしい。","近畿","男性","２０代","大変不満"
"テーマパークで古い文化を残すことはとてもよいことと思います。又それを楽しみに沖縄へ行くのですから。大切に文化の保存につとめてください。","北海道・東北","男性","６０代","大変満足"
"たとえ価格がリーズナブルでないとしてもすべてのリゾートホテルのフリープラン型ツアーのパターンを増やして沖縄訪問の機会をたくさん作って欲しい。","近畿","女性","４０代","大変満足"
"食事の改善","関東","女性","３０代","やや満足"
"美しい海に感動した。レンタカーで名所、旧跡を廻ろうと当初思っていたが、観光バスでよかった。観光バスガイドの一生懸命さに感銘した。ドライバーガイドの温かさが伝わってきた。総じてこの旅行で触れた沖縄の人たちは温かかった。南部、北部のテーマパークも良かった。","中部","男性","６０代","やや満足"
"観光コースを廻るにも、今回中部西海岸地区のためレンタカーや観光タクシーしかありませんが、ひとりでの行動ですとたいへんです。グアムの例で申し訳ないのですが、観光バスがホテルをまわり観光ルートを移動できます。（日本でもありますが）個人で行くときは料金的には同じくらいですがとても気が楽で動きやすいです。ホテルでの企画がいいですが、市の方で考えて（県のほうで）いただければホテルにバスがくるかを確認してから予約できるし、これからも沖縄に来たくなります。","中部","女性","６０代","やや満足"
"・市内の車の渋滞が年々ひどくなること。・市内の自然が少なくなること。・タクシーの運転手さんの強引な観光の誘い。（無理に観光させようとする、前回ひどかった）・中部北部へのビーチのバスの確保等。（市内に泊まるときに泳ぎたい）・免税ショッピングはよかった。","近畿","女性","４０代","大変満足"
"強制写真撮影はないほうがありがたい。団体客相手の昼食の質をもう少しよくしてほしい。沖縄料理の良さがわからない。おいしいと思わないと買う気が起こらない。自然が美しく楽しい旅行でした。","北海道・東北","女性","６０代","やや満足"
"車社会の割に道路の整備状態が良くないと感じました。しかし環境も最大限保全されるべきと考えます。バランスをとってますます魅力的な地であってほしいと思います。","関東","女性","３０代","大変満足"
"沖縄独特の方言が気になり好きになりました。もっと旅行の間に観光地などで覚えやすい場所に看板にでも書いてあれば容易く使えて旅行が楽しくなると思います。","九州","男性","３０代","やや満足"
"・タクシー運転手がきっちりあいさつする、料金領収書の要求にきっちり対応する。
・松山の歩道で屯している客引き及び若者を排除する。
","九州","男性","４０代",NA
"現地の人の対応がどこも良かった。例えば道を聞いてもやさしく答えてくれたり。繁華街もほかの都市と比べ健全な雰囲気でとても安全に過ごせたような気がした。市内は渋滞があるので、もっと交通整備すればいいと思う。","中部","男性","３０代","大変満足"
"自然がキレイで（特に海）とてもリフレッシュできました。沖縄の人たち店員さんも親しみやすく、優しくよかったです。また来たいと思います。タクシーの交通マナー悪いことが少し気になりました。","近畿","女性","２０代","やや満足"
"バス移動中楽しい運転手さんに出会えたことは楽しかったし、また島巡りをしたいと思いました。ただ季節が・・・。サガリ花を見にまた訪れたいと思う。ホテルからバスでサキシマ?ホタルを見に行けた事はラッキーでした。","九州","女性","６０代","大変満足"
"どこに行っても店員さんは早口でよく聞き取れない。バスの停留所の表示や時刻表がバス会社でまちまちでわかりにくく、またインターネットで調べてもバス会社毎に調べなくてはいけないので不便である。","近畿","男性","４０代","やや満足"
"那覇市内の車混雑改善のため駐車場整備","関東","男性","６０代","やや満足"
"旅行するたびに観光地がきれいに整っているのでうれしい。これからも自然を大切にしていって欲しい。","関東","女性","６０代","大変満足"
"私共は夫婦でのツアー旅行が主ですが、昼食が粗末すぎます。（旅行会社の責任とは思いますが）ほかのことは満足しています。沖縄の人たちは大変親切だと思います。","関東","女性","５０代","やや満足"
"今帰仁城遺跡でボランティアガイドを受けた。丁寧な説明で沖縄訪問の印象が極めてよくなったと思う。","関東","男性",NA,"やや満足"
"ぜひ沖縄の文化を大切に、誇りを持って町づくりに取り組んでいただきたいと思います。また行きたいです。応援してます。","中部","男性","３０代","大変満足"
"琉球音楽とか舞踊が体験できるところが多いとうれしいかな・・・。海洋博記念公園の中で体験させていただきとても楽しかったです。年も重ねると感動することが少なく、沖縄の生活に触れることが特に音楽とかおどりは思い出になると思われます。発展されることを祈ります。","中部","女性","５０代","大変満足"
"グアム・サイパン島の海外ツアーと料金があまり変わらない。格安なツアー等がもっと必要。町が汚い。でも大好きな場所ですので、がんばってください。","中部","男性","４０代","やや不満"
"トイレが整っていたので、子供でも利用しやすかった。","関東","男性","３０代","大変満足"
"・今回初めての旅行であったが、宮古島、石垣島、本島すべてにおいて非常に親切な観光案内を行っていただき楽しい旅行ができた。・但し、一部の沖縄料理店で料金に対しての料理内容が不一致であったのが残念である。","関東","男性","５０代","やや満足"
"大分良くなってはいるが、那覇市国際通りは落ち着きが無く品位に欠ける。街路整備を行う際に留意する必要があると思う。","関東","男性","６０代","やや満足"
"レンタカーがないと旅行しにくいとは不便であると思われた。海はとてもキレイでした。","関東","女性","５０代","やや満足"
"観光名所が固定化しつつある。今後は北部のほうへも足をのばしてみたい。","九州","男性","３０代","やや満足"
"　ホエールウォッチングの船に酔い、1日中苦しかったです。気軽に・・・というイメージでしたが、もう少し注意してくれたほうがその旅行の時間を過ごせると思います。酔う人でなくてもキツイと思います。
　あとは景色のいいカフェやレストランが多くてよかったです。ずっと休めました。ホテルの人が教えてくれた居酒屋も良かったです。
　レンタカーのカーナビが市町村合併でわからなかったので地図に旧○○市と書いてくれるとうれしいです。","中部","女性","３０代","やや満足"
"私が気付いてないかもしれませんが、空港または主要駅等に観光案内所があれば困ったときに助かると思います。家族が仕事のため沖縄在住なので、度々行くと思いますのでいろんな沖縄の姿を見たいと思います。北谷で渋滞がすごかったので、ゆいレール等が延長されれば緩和されるんじゃないかと思います。","九州","女性","４０代","大変満足"
"サンゴの保護","中部","男性","４０代","やや満足"
"・石垣直行便。・ダイビング料金の低下。・特徴ある店作り","関東","男性","６０代","やや満足"
"ホテルの不衛生なところがあった。客室の湯沸しテーブルに蟻が多数いた。","関東","男性","６０代","やや満足"
"観光客向けでない昔からの民謡クラブの良さをもっと伝えてほしい。","近畿","男性","４０代","該当しない"
"道路の標識をもっと多くしたほうがいい。",NA,NA,NA,"やや満足"
"バス乗ったが運転手の無愛想さに驚いた。さすがに利用者が少ないのがうなづけた。沖縄の観光者向けのホテル予約、バス、モノレール、船の総合案内などを充実させるべきだと思う。断然、観光客の使い勝手は良くなると思う。あと、沖縄の料理は楽しみにしていたが、あまりのまずさに驚いた。ブログ活用など、もっと口コミサイトの充実が必要。ネット整備は急？だと思います。沖縄にはかなり期待しているので是非お願いします。インターネットの充実を！","中部","男性","２０代","大変満足"
"自然を残す、人も残す、滞在型リゾートの推進、ゴミの無い風景保存。","中部","男性","４０代","やや満足"
"沖縄の人のよさ、純朴なところがいいですね。料理も豚肉を使っているので脂っこいものだと思い込んでいましたが、実際お店に入って食べてみるとあっさり味で、とても美味しかったです。それと移住というとちょっと大げさになるけれど一ヶ月くらいの滞在は寒さしのぎにはちょうどいいところだと思うので是非体験してみたいと思います。観光地以外の物価も安いので有難いことです。観光だけではなく、風土・文化多面に渡って体験してみたいと思います。","近畿","女性","５０代",NA
"今回の旅は自分の足で歩くことが多く、道路の横断歩道を渡る際、横断歩道の白癬が薄くなっているところが多かった。歩道を渡るときに不安な気持ちになりました。また、歩行者に対する道路標識、行先案内が少なく不自由しました。オキナワの自動車社会を痛感しました","近畿","女性","７０代","やや満足"
"観光で成り立っているのは理解するがあまり観光地化して欲しくは無い。沖縄の人が何度も行ってみたくなる。そんなところをめざしてほしい。","北海道・東北","女性","４０代","やや満足"
"海がとっても青くて海が見たくて行ってしまいます。沖縄の染織は最高です。将来、沖縄の染織がやりたいです。そして一生の職としたいです。","中部","女性","２０代","大変満足"
"楽しい観光旅行でした。お天気にも恵まれてよかったです。ただ果物の店は試食ができないのが残念です。買わないと試食させないといわれ、友人たちは憤慨していました。北海道ではありえないことですので。","北海道・東北","女性","５０代","やや満足"
"北部までの高速道路を早く完成させて欲しいです。北部の道路が暗いので該当など整備したほうがいいと思います。美ら海水族館は素晴らしかったです。でも、寂れた感じのテーマパークなどは、改装するなどの工夫が必要だとおもいました","近畿","女性","３０代","やや満足"
"心配なこと：大型店舗の増加・ファーストフードのような店が増加
できれば沖縄らしい店がすき。古くても良い。","関東","男性","６０代","やや満足"
"今回初めて読谷村に宿泊しましたが、美しい海とサトウキビなどが印象的でした。静かな田舎の中にあるのが一番良いことだと思います。新しい建物ができたり（ホテルやショップ）すると、日本全国どこも同じになってしまいそうです。今のままであって欲しいと思います。飼料の匂いはしましたがそれでいいのだと思います。観光しようと思えばいくつも村の中にあるし、本島にいいとこみつけた！と思います。","九州","女性","５０代","大変満足"
"全体的に街が美しい感じを受けました。人もよく、ほっとする土地でした。又是非来たい場所です。お酒が好きなので次回はバスやタクシーで遠いお店にも行ってみたい。バスの本数がたくさんあるか、最終がどのくらいの時間かを見ていませんが、夜の交通手段が整っていたら云う事はありません。鉄道が無いのでその分バスがたくさんあると助かりますし、バスかタクシーのほかにも安くて手軽な交通手段があるといいなとお思います。沖縄のこと宣伝しておきます！皆様がんばってくださいね。","九州","男性","３０代","大変満足"
"今回で沖縄に来るのは6回目ですが、毎回思うことは食事がもう少し美味しければなぁと思います。海に関してはいろいろな開発が進み観光客には嬉しいのですが、海の美しさを、損なわないように願いたいです。","近畿","女性","３０代","やや満足"
"基本情報のＰＲがもっと必要。０１２０の無料案内が必要。","関東","男性","６０代","大変満足"
"ダイビングショップが多すぎて選択するのが困難なため、お互い協力し合ってショップの数を減らして欲しい。そしていいサービス、値段設定ができたらいいです","中部","女性","２０代","やや満足"
"もっとビーチの環境（トイレ・シャワー）を整えて欲しい。国際通りの駐車場がわかりづらい。また、大きな駐車場を設けて欲しい。　レンタカーの料金が高い。荷物の送料が高い。サンゴやキレイな海を守って欲しい。",NA,NA,"３０代","やや満足"
"沖縄料理はとても美味しいのですが、今日は一緒に行った友人が沖縄料理が嫌いということでそれ以外の料理を食べました。ホテルの朝のバイキング以外は美味しいものがなかったです。沖縄料理以外の食事はもう少しレベルアップしていただきたいと思いました。","近畿","女性","３０代","大変満足"
"タクシーを何期も利用したが、中には非常に印象が悪い人がいた。特に沖縄市で海中公園まで利用したときがもっともだめだった。","九州","男性","６０代","やや満足"
"運転が得意でないので観光つきのパッケージ旅行を選択した。電車の整備があれば自分の足で行きたいところに行きたい。また、空港は各観光バスの充実を期待する。","中国・四国","女性","４０代","やや満足"
"食事がやや不満。","関東","男性","５０代",NA
"バイクの多さには驚きました。運転マナーも悪く、交通事故がおきないのが不思議でした。","中部","男性","４０代","大変満足"
"少しありましたが海だけでなく熱帯の植生を生かしたトレッキングなどの設備を整え、「熱帯雨林をトレッキング　その向こうに海」というのはどうでしょうか。","近畿","女性","４０代",NA
"２月２４日にバスに乗ったのですが天候にも恵まれガイドさんも楽しく親しみやすい方で、とてもよい一日を過ごせました。２５日は朝９時から開門の儀式を楽しみに階段を駆け上がったのに、あっけなく終わり、ちょっとがっかりでした。","九州","女性","４０代","大変満足"
"今のままを維持してほしいです。","中部","女性","５０代","やや満足"
"石垣空港の着地の音が非常に高く、それは滑走路が短いためといわれております。安全のためにも予算増やし、解消を期待します。是非実現を願います。","北海道・東北","男性","７０代","大変満足"
"郊外観光地のトイレを清潔にしていただきたい。","北海道・東北","男性","３０代","大変満足"
"雨天の時、高齢者がゆっくりできる施設があるとよい。　バリアフリーのミュージアムがあったらと思います。","中部","男性","５０代","大変満足"
"古い建物や文化財を守ってほしいです。","関東","女性","３０代","やや満足"
"神戸空港ができて便利になり喜んでいます。竹富島は行ったことがないので一度行きたいと思います","近畿","女性","６０代","やや満足"
"今回ホテルで、売店で１．５千円買うと千円で送りますとのこと、いざ荷造りをするので自分で箱詰めするというと、当店以外のおみやげは入れないでほしいといわれ、わざわざほかで買ったものを分けて送りとても気分が悪い思いをしました。レシイトを見せるように言われ、部屋にあるので取りに行こうとすると売店では２万以上は買っているのに送料を出してあげているのよという言い方でした。そういう態度をされるなら、自分で全額出しても構わないと思いました。私は沖縄大好き人間ですが、こんなホテルには二度と行きません。","北海道・東北","女性","５０代","大変満足"
"６日間のうち、２日間熱を出してしまって寝ていたので残念でしたが、ホテルの方がとても親切でした。宮古島の人はみんな優しくてとても暖かい気持ちになれました。冬でもシュノーケルなどできるのでしょうか。もしできるのなら、そういった情報をもっとアピールした方がよいかも。また遊びに来ます。","関東","女性","２０代","やや満足"
"空港内に弁当の売り場がなく寿司、サンドイッチと酒類が少なくてがっかりした。沖縄本島を含めて若者の観光地という感じがした。中高年齢にも、もっと観光するルートなどを考えＰＲするべきだと思います。","近畿","男性","６０代","やや満足"
"土日や長期の休みの間だけでも市内から美ら海水族館への直行バスがあればいいのにと思う。あと、ビジネスホテルでも、もう少しきれいで清潔感があった方が良いと思う。今回は夜中に部屋の掃除やベッドメイキングの音がうるさかったし、前回行ったときは部屋にアリがいた。対応はよかったが高校生のホテル受付係も考え物だと思う。せめてホテルの制服を着るとかしたほうがいいと思う。","近畿","女性","３０代","大変満足"
"地元の方たちは大変よい人たちばかりだったと思いますが、接客マナー、交通マナーがあまりよくなかったかと思います。","関東","女性","２０代","大変満足"
"ビジネスの傍ら観光も行うので、ホテル等でレンタルの服装や靴等を用意していただけるとありがたい。一部、そのようなホテルもあるが。また、ホテルより観光スポット案内サービスが少ない。","関東","男性","５０代","やや満足"
"道の駅等がほしい。沖縄の詳しいパンフレットがほしかった。",NA,"女性","７０代","大変満足"
"沖縄の自然と伝統を守りながらよりいっそうの発展を望みます。","中国・四国","男性","７０代","大変満足"
"とても楽しい沖縄の旅ができました。沖縄の離島（石垣）に行くたび、いつもとてもいやされます。島料理もすごくおいしくてはまってしまいました。またきたいです。竹富島のＭＡＰがわかりにくいです。","関東","女性","２０代","大変満足"
"観光地を回るバスを充実してほしい。できるだけ早く汚水処理を進めてほしい。新しいタイプのおみやげ店が増えてほしい。同じような店がおおすぎる。ホテルの朝食の質とバリエーションがよくないと感じました。","関東","女性","５０代","大変満足"
"観光地の案内図をわかりやすくして大体の所要時間を明記して欲しい。プランを立てるときに参考になる。また、モデルプランも。","関東","男性","５０代","やや満足"
"モノレールの活用をもっと進めたらいいと思います。モノレールの車両の外装にハイビスカスなどをデザインされたらいかがでしょうか。","近畿","男性","６０代","やや満足"
"このままで十分です。自然を大切にしている沖縄で感動しました。またもう一度行ってみたいです。有難うございました。","関東","女性","６０代","大変満足"
"那覇市の交通渋滞を解消すべき。全体的に道路整備することで快適に過ごせそう。景観や人の暖かさは文句なし。また絶対来ます。","中国・四国","男性","３０代","大変満足"
"国際通りが美しく整備されたのはいいけれども、建物が、どこにでもあるようなファッション・アパレル専門のビルになったり、沖縄らしさが失われて行くようで少し淋しいです。","近畿","男性","６０代","やや満足"
"レジャー施設を多く設置する。EX)空中遊覧（モータボートで引き上げる）・海中遊覧（インストラクターつき）・水上スキーなど、老若男女できるもの。　　　　※ハワイ・グアムなどで実施しているものに同じ料金、手頃でできること。","北海道・東北","男性","６０代","やや満足"
"この美しい海がいつまでも見られますように。そのためなら多少の不便は我慢します！","関東","女性","３０代","やや満足"
"沖縄に行くのは11回目、与那国は初めてでしたが、いたるところで工事が行われておりました。島の人たちの利便性を考えると、よそ者である私たちの口を出すところではありませんが、観光地というものを考えるとあまり自然を壊して欲しくないです。","関東","男性","４０代","やや満足"
"バスの行先をわかりやすくして欲しい。","中国・四国","男性","２０代","大変満足"
"天気もよく、海の美しさに大変満足しました。花も咲き誇って、とても癒されました。何度でも訪れてみたいです。有難うございました。観光バスで巡りましたが、ガイドさんの説明で大変勉強になりました。次回は今回に廻りきれなかった場所や島へも行ってみたいと思います。","関東","男性","５０代","大変満足"
"公共事業が見えてしまうことで雰囲気がだいなしになってしまう。このままでは、観光名所が名所ではなくなるでしょうし、そうなって自分たちの首を締めるのは自分の利益追求しか考えてない人だと思います。工事は邪魔。","九州","女性","２０代","大変満足"
"街がきれいになってよいと思いますが、沖縄の景観がそこなわれない、街・道路の整備に今後とも努めてください。沖縄に来たのに、ここどこ？鹿児島？宮崎？高知？となっては残念だと思います。","関東","男性","４０代","やや満足"
"今回は団体旅行、以前の2回は10年ほど前なのでわからない。今回の旅行に関しては、昼食は非常に不満足。東京のほうが美味しいものが食べられる。沖縄本島も。一日に一ヶ所のメインスポットの観光のほかは時間つぶしのような気がして疲れる。時間を持て余すことが多い。朝7時30分に出発する必要が無い。1時30分にコース終了ではオプショナルのツアーに参加するようになっているのは不満。","関東","女性","６０代","やや不満"
"歩道を広くして欲しい。モノレールから見える首里城はとてもきれいだったので、今後もきれいにして行くためにモノレールの中から首里城が見える範囲の屋外広告や建物の高さ、屋根の形、色彩、デザイン等、規制・誘導・助成をする必要があると感じた。","九州","男性","４０代","やや満足"
"水族館が目的で観光バスを選び、今度来るときは水族館でゆっくりしたいので空港から直接行けるコースを宣伝してほしい。近いホテルの紹介も兼ねて。","中国・四国","女性","６０代","やや満足"
"宮古島に子供が居住し、案内をしてもらい海の素晴らしさ、サンゴのかけらの浜を歩くときの音は癒しの音。宮古は素晴らしい所。","中部","女性","５０代","大変満足"
"大変親切な対応が多く、気持ちの良い旅行ができました。豊かな自然を将来に残しつづけてがんばって欲しい。次の世代にも是非行かせたい。","中国・四国","男性","６０代","大変満足"
"ゴルフ場は景色もコースも良かった。楽しいゴルフができました。","近畿","女性","６０代","大変満足"
"今の季節大変過ごしやすく、比較的どこも空いていたのでゆっくりした気分で観光・食事を楽しめました。特に海洋博記念公園は水族館はじめ、素晴らしい施設がたくさんあり、満足しました。食事も、最初はホテルで取っていたりしましたが、地元の居酒屋さんでの沖縄料理が美味しく印象に残りました。レンタカーでの運転は交通規制に戸惑いました。はん繁忙期では相当な交通渋滞が予想されます。公共交通機関の充実が待たれます。","中部","男性","５０代","やや満足"
"道路の表示　わかりやすく。みやすく。海の美しさを守ってください。","中部","男性","５０代","やや満足"
"4回のうち3回は本島でした。（ちなみに1回は復帰直後で外国のイメージでした。）どうにも水牛車に乗りたくて、自然の癒しと感動に会いたくて友人を誘いました。バス運転手のガイドをかねてのｻｰﾋﾞｽ、皆さんとても努力と意識が伝わってきて大きな喜びでした。さすが観光立県と改めて思いました。貴重な自然、とにかく大事にして下さい。周囲にPRします！ドライバーさんの説明でホテルにつくや否や、裏手の月が浜に走り、マングローブの実を砂浜で見つけました。次回に楽しみたいと思います。芽が出たらバス会社の方へお礼の便りをするつもりです。","九州","女性","６０代","大変満足"
"モノレール内に止まるところの地図を載せて欲しい。以前ありました、潜水艦の観光。何故、水（海）がこんなにキレイなのに潜水艦をやめたのかと不思議です。","近畿","男性","４０代","やや満足"
"レンタカーのほうが多いと思いますので標識、案内掲示等、見やすいとありがたいと思います。古宇利島のエメラルドグリーンの青い空は素晴らしく、感動いたしました。多くの犠牲者の上に今の平和があることを痛感し、心痛みました。","中部","女性","５０代","大変満足"
"今回はプロ野球のキャンプの時に行ったのですが、どこでどの球団がキャンプをしてそこに行けばオープン戦が見れて。。。其の日の沖縄絵のイベント情報を得やすいようにしてほしい。例えばフライト利用の方が殆どだと思うので機内でビデオを流すとか・・・。","関東","女性","３０代","やや満足"
"空港→読谷村のホテルまでバスが無い。最終が16時くらい。朝、那覇に行くのも少ない。リゾートホテルを旅行社が押さえているのか、個人で申込をとれない。","近畿","女性","６０代","大変満足"
"沖縄県の最高峰として於茂登に登る人も増えると思う。山頂の藪が手入れされ、見晴らしも良くなっていた。景観も良いので良かった。ゴミも無く自然も残っている。","九州","女性","５０代","やや満足"
"タクシーの運転手の方の感じがどの方もよかった。明るくてもっと乗っていたかった。","関東","女性","７０代","やや満足"
"東京生まれの東京育ちの私にとって、沖縄は外国のように感じます。県民の皆様の生活を重視していただき、其の中での異文化を私は楽しんでゆきたいと思い、沖縄に通っています。沖縄の自然や文化を失うことなくこれからの「観光」を考えていって欲しいと思っています。観光客に対してはあらゆる規制をしていっても良いのではと考えています。","関東","男性","４０代","大変満足"
"観光地には常に人がいるのでとても親切だと思う。聞きたい情報も入りやすい。沖縄県の人はとても親切で親しみやすいと思う。観光客に対してすんなり受け入れてくれるところだと感じた。これから観光が加速すると沖縄県人らしさが失われないように、暖かい県民作りをして欲しい。そして美しい海を大切にしていって欲しいです。","北海道・東北","女性","３０代","大変満足"
"海が想像以上に美しく、また行きたいと思います。食事は口にあわなかったのもありました。","中国・四国","女性","６０代",NA
"海の埋め立てなどの工事を行わないで欲しい。自然な沖縄が守られることを願います。","関東","男性","４０代","大変満足"
"離島の県としてはいろいろ整備されていて良いと思います。他の観光地と比較して、ゴミが少なかったのはうらやましく思いました。今後ともよりよい観光地作りを期待しております。","中部","男性","６０代","やや満足"
"レンタル自転車が気軽に使えるところがあちこちにあると良いなぁとおもった。","近畿","女性","６０代","大変満足"
"美ら海水族館への道のり、名護方面からなら大きな看板で駐車場もわかりやすそうなのに、反対の本部町から入ると全く見当たらず、通り過ぎてしまった。改善してほしい。","北海道・東北","男性","３０代",NA
"観光立県として、今後発展させるためには自然の環境美化に取り組むのはもちろんのこと、人的環境の整備に取り組むことが必要である。道路際にゴミが散乱していたり、道路にまでサトウキビが伸びてきていたり、落ちていたりしてる。自然と人とがバランスが取れた観光地を目指して欲しい。人が住んでいない家がほったらかしになっていますが目立ちます。過疎で仕方ないのかもしれないが・・・。","近畿","男性","５０代","やや満足"
"美ら海水族館前の整備中の道路が早く開通するといいと思います。","関東","女性","４０代","やや満足"
"もっと遅い時間まで、フェリーを動かして欲しい。","関東","女性","３０代","やや満足"
"沖縄の道路は雨の日に運転しているとタイヤが滑りやすい。","九州","男性","５０代","大変満足"
"天気が今回は悪かったのでイマイチ","中国・四国","男性","３０代","やや満足"
"今回は団体旅行のため、ゆっくり自分のペースで観光が出来なかったので残念。時間をかけてじっくり見学したい方なのであまり団体旅行は好きではない。又の機会に訪れたい。","近畿","女性","６０代","大変満足"
"出会った人は全て親切に接してくれてありがたく感じた。年を重ねると飛行機での移動の上、バスでまた一時間以上の移動となると大変である。移動で疲れた。","関東","女性","７０代","大変満足"
"帰路の石垣空港で便が遅延だった。私達はたまたま早く空港に着いて、カウンターのFに相談し、便の変更ができた。大変感謝している。行くたびに、沖縄の方の優しさに触れ、癒される。","関東","女性","３０代","やや満足"
"個人的には沖縄が大好き。将来は沖縄に住みたいと思うが、仕事面で不安になる。もっと今以上栄えることを楽しみにしております。","関東","女性","３０代","大変満足"
"空路便の乱れによく合うが、仕方ないか？","中国・四国","男性","４０代","やや満足"
"初めて訪れました。親切な対応に満足。","中部","男性","５０代","やや満足"
"本島内で海の施設がもっと多いと良い","関東","男性","４０代","やや満足"
"モノレールの延伸。道路標識の整備。県民の交通マナーの向上。","近畿","男性","６０代","やや満足"
"晴れていればもっと満足度が上がったと思う。この時期、観光客が多いと知らずに行ったので、民謡の付いた食事と竹富の水牛車に乗れなかったことが残念でした。また、西表島の星砂の浜で誰一人として星砂を見つけることができなかった。星砂と名をつけるなら、少し星砂を撒いてはどうか？","中国・四国","女性","５０代","やや不満"
"飛行機がいつも混んでいる。もっと便が増えると良いと思う。","関東","女性","５０代","やや満足"
"何よりも環境の保全だと思う。","関東","男性","６０代","大変満足"
"沖縄の人はとても接しやすくて安心して旅行出来ました。天気も基本的に青空でキレイな海が見れて感動しました。","中部","女性","２０代","大変満足"
"自然が無くならないように祈っております。","中部","女性","５０代","やや満足"
"公設市場にはがっかりした。味もサービスも悪い。","中国・四国","女性","６０代","やや不満"
"交通手段がタクシーしかわからなかった。雨でも観光できる施設がもっとあればいい。","北海道・東北","女性","２０代","やや満足"
"バイクの運転のマナーの悪さが目立つ","北海道・東北","女性","３０代","やや満足"
"標識がわかりにくい。もっと確実な場所へ付け直してほしい。","九州","女性","２０代","やや満足"
"出張時、一人でも入りやすい店の案内があればよかった","関東","男性","３０代","該当しない"
"沖縄に求めるものは美しい自然と人の温かさ。注文として、菓子類の研究をもう少し。塩やもずくはアンテナショップを利用している。現地で購入するには重さがあり買えない。","関東","女性","６０代","やや満足"
"沖縄の雰囲気が好きなで本島より離島が好き","近畿","女性","２０代","大変満足"
"プロ野球キャンプをするチームがあるので、その時期は観光コースにするのも良いのは？","中部","男性","６０代","やや満足"
"大分からの定期便の便が悪くなる。","九州","男性","５０代",NA
"昔、西表島には、人類未踏の鍾乳洞があり、人骨の化石も見られた。現在の観光バスのルートの中から除外されているので、復活してほしい。","近畿","男性","５０代","やや不満"
"モノレールの全島普及","中国・四国","男性","５０代","大変満足"
"那覇市内の交通の改善。バリアフリーの徹底、特に、小さな段差に板を入れて段を埋めているようなケースで板が小さすぎたり大きすぎたりして、その場しのぎのままになっているような所がところどころあった。","中部","女性","３０代","大変満足"
"タクシーの運転手の態度が悪い。観光する者にとっては、タクシーは大切な交通期間のひとつなので気をつかってほしかった。","中部","女性","２０代","やや満足"
"牧志、平和通り市場を歩いていたが、自分がどこにいるのかわからなくなってしまった。内部の詳しいパンフレットは探したが見つからなかった。首里城へ行くのに100円バスがあると、モノレールを降りて初めて知った。しかしバス乗り場がわからず、客ひきのタクシー運転手に教えてもらった。首里城では、解説が足りないと思った。ちょっと専門的な質問をすると答えることができない。","北海道・東北","男性","５０代",NA
"水族館や免税店が出来て楽しかった。沖縄は物価が安い。","関東","女性","２０代","やや満足"
"沖縄ことばの説明チラシ等あれば勉強になると思う。沖縄の海のすばらしさをいつまでも大切にして欲しい。","中部","女性","６０代","やや満足"
"初めて訪れたが、どの観光地に行っても観光に力を入れていることをひしひしと感じられた。","中国・四国","女性","５０代","やや満足"
"都市開発に沖縄らしさを残してほしい。他の町と同化してどこにでもあるようなビルやショップが出来て那覇は良くない。","中国・四国","男性","６０代",NA
"観光行政に力をいれていることがわかる。施設が充実している。ただし、大体入場料がかかり高いので、再度旅行をする気にはなれない。","関東","男性","６０代","やや満足"
"クーポンを買って行ったが、入場等にほとんど使えず、帰りに空港で無理して使った。","近畿","女性","６０代","やや満足"
"観光地にもっとトイレがあればありがたい。もちろん、充分に数はあり、とてもきれいだったが、いつも並んだ印象がある。長い移動の時も道中に公共のトイレがあれば、もっと安心して過ごせると思う。","九州","女性","３０代","大変満足"
"マリンスポーツや観光が目的で行く人も多いと思うが、「何もしないで休養したい」という人も多いはず。特に観光地は１度は行くが2度目にはあまり積極的には行かない。しかし、「何もしない過ごす」という大きな魅力を持っているのも沖縄だと思う。ホテル等のグレードアップを希望する。","関東","女性","３０代","大変満足"
"バスの対応は最高だった。ガイドさんもとても勉強していた。","関東","女性","６０代","大変満足"
"添乗員さんが最悪でした。いつも2月に行っていますが、空港にランが飾られていて、空港内のとっても甘い香りを楽しみにしています。又、2月に行こうと思います。","関東","女性","５０代","やや満足"
"5年前にはじめて宮古島に行ってからずっと宮古のファンです。けれども、ゴミが砂浜に散乱していて何とかならないものかと心を痛めています。それに東平安名岬にペットを捨てていく人もいます。沖縄の「許しあう」という精神はすばらしいと思いますが、最低レベルのモラルは皆で守っていきたいものです。","関東","女性","２０代","大変満足"
"次回はもう少し長く日程を組みたいと思っています。沖縄は、長寿の県というイメージがあり、やはり食文化が重要なキーワードになるのでは？自然の素材を生かした物のさらなる発掘に期待！","近畿","男性","４０代","大変満足"
"*竹富島は15年程前の方が自然が豊かで美しかった。今回は少しがっかりしました。*次回は石垣島の滝のある川を川のぼり体験をしたい。*期間は5～7日連泊でダイビング体験等も。","近畿","女性","７０代","大変満足"
"バスの乗り継ぎがなるべく減るように、1本で行けるなど工夫をされると更に良くなると思います。けれども、沖縄の方々は親切な方が多く、気軽に声をかけて道を聞くなどすることができました。風景も本当にキレイで、このまま努力して維持していってほしいです。自分もそれに協力できればいいなと思っています。","関東","女性","２０代","大変満足"
"市街地はやや渋滞が多いように思う。もう少し改善した方が良いと思う。","中部","男性","４０代","大変満足"
"*宿泊施設が良い（いつきても→本島、八重山も）　*食べるものがおいしい　*観光地（土産物店）の人達は人柄が良いと思われる","中部","女性","６０代","大変満足"
"沖縄は大好きです。人々の素朴な所も大好きで本土の様に余り開発して欲しくない。シーズン中の浜辺はわかりませんが、竹富島のコンドイビーチに売店も音楽もないのに大変うれしく思いました。美しい海を守る為にも皆で努力したいと思った。西表島にも迷惑なホテルが建ち、環境が破壊され大変残念です。どうか美しい沖縄をいつまでも子供達に引き継いでください。","関東","女性","５０代","大変満足"
"大手航空会社の冠を背負った土産屋でさえ、F店員の対応の悪さ、不親切、無愛想が以前から大変気になります。とてもこれが観光立県とは思えない。いつかこのツケが回ってくるでしょう。","中部","男性","４０代","やや満足"
"沖縄観光と言うよりも今回初めての沖縄旅行で、時間に余裕が無かったので、近い将来、今回回れなかった所、観光できなっかた所を見に来たいと思います。沖縄の自然、美しい海を大切に守って欲しいと思います。","中部","女性","５０代","やや不満"
"沖縄はみんなやさしい人ばかりでした。","近畿","男性","２０代","大変満足"
"多民族が永住している街を宣伝し、エキゾチックさに更に花をつけたらいかがでしょう。","関東","男性","５０代",NA
"沖縄の地元の方々とふれあえる機会があると嬉しかった。","関東","男性","２０代","大変満足"
"道路工事などで、警備の人や道路表示などが、もっとドライバーに親切であってほしい。（まちがって反対車線に入った。空港の近く）やっぱり人と人の交流がその土地の印象を決めると思います。素敵な方が多かったです。ニフェーデービル！！","関東","女性","５０代","大変満足"
"ダイビングやシュノーケル等の体験できるパンフレットがこちらでも手に入ると予定がたてやすいと思う。「るるぶ」に入っているのはきっとごく一部だと思うので…。あと、インストラクターの方が、初心者にも親切にして安全を心がけてくれるとうれしい。","中国・四国","女性","５０代","やや満足"
"今回の旅行で与那国島に行く予定が強風で飛行機が着陸できなかった為中止となり残念。きれいな海をいつまでも（次の世代へ）","関東","男性","６０代","やや不満"
"美しい自然をそのまま残してほしい。テーマパークを造ってもいつかあきてしまう。自然を壊さないでほしい。","九州","男性","５０代","大変満足"
"ツアー全般について言えることだと思うが、見学する所の時間が少ない。首里城はもっとゆっくり見たかった。","関東","女性","６０代","やや満足"
"古い沖縄がなくなっていくのが寂しい","関東","男性","５０代","大変満足"
"路線バスでもわかりやすく安心して観光出来るようにしてほしい。","近畿","女性","５０代","大変満足"
"トイレにおむつ交換台がない所があり、なかなか交換できなかった。那覇市内の渋滞がイヤだった。","関東","女性","３０代","大変満足"
"沖縄ワールドでエイサーを見れなかったので不完全燃焼だった。那覇空港の迎恩の舞が予算の都合で廃止になったというのも悲しかった。各ホテルで行われる沖縄舞踊も心なしか元気がなかった。元気なエイサーや舞踊をもっともっと全面に出して、私たちを魅了してほしい。沖縄舞踊に関しては行政のバックアップ、もしくは有料、ツアー料金に加算するなどしして見応えのあるまとまったステージを見せてほしい。","北海道・東北","女性","４０代","やや満足"
"今回は九島を廻るツアーに参加したが、まるで、ベルトコンベアに乗っているように移動し、あまりのソツのなさに旅の余裕が感じられなかった。","関東","女性","６０代","やや満足"
"海の色がいつまでもこうあってほしい。","九州","女性","６０代","大変満足"
"開発をほどほどに、自然も人もこのままがいい。","近畿","女性","２０代","大変満足"
"オートバイが多く、渋滞の車の中を過ぎていくのは危ない。","関東","女性","５０代","大変満足"
"観光を産業の柱にする県だが、市内主要道路脇の建物が古い上に、汚れが目立ち、手書きの看板等も目立つ。沖縄の美観をそこなっている。又、駅やバスターミナル内で、本州では今時は見かけないスタイルの高校生がたむろし、イメージが悪い。美ら海水族館や公園は非常に美しくされているが、沖縄の人が生活する部分の汚れが非常に目立つ。","中部","男性","４０代","やや不満"
"石垣の鍾乳洞は日本で７位とのことだが、観光ツアーの中でオプションになっていた。","九州","女性","６０代","やや満足"
"シーサーを買ったら耳がかけていた。箱の中にかけらがないので、はじめからかけていたと思う。現品で良いと言って買ったが、まさかかけたものを何も言わずに渡すとは思わなかった。牛車で廻って感動したのに残念。","関東","女性","６０代","大変満足"
"北部に新しい観光名所が出来ればいい。","近畿","男性","３０代","大変満足"
"国際通りの商店がみんな若者対象なので、熟年層には見ても買いたいと思うものがない。ツアーで時間が余ってしまった。もう少し、ゆっくりできる場所があってもいいと思う。","関東","女性","６０代",NA
"交通機関の発達","関東","女性","２０代","大変満足"
"プロ野球のキャンプめぐりをして楽しかったが、天気が残念だった。","近畿","女性","５０代","やや満足"
"温泉地はないのでしょうか？大きな風呂があれば体が休まると思う。食事の出来る場所が少ない。水がまずいと感じた。","近畿","男性","５０代","やや満足"
"環境保護に関心を持つ人が少なく感じた。又、10代後半から20代前半の人に元気がない。","九州","男性","５０代","大変満足"
"澄み切った海が何より好きです。維持する努力はしてほしい。","九州","女性","５０代","大変満足"
"私たちは沖縄らしさを求めて旅します。古くても良いものはどうぞ残してください。住んでいるかたには不便もおありでしょうが、よろしくお願いします。","関東","男性","４０代","やや満足"
"北部方面へのアクセスが不便過ぎる。しかし、それが、沖縄の良いところかもしれない。","近畿","男性","３０代","やや満足"
"冬だったので、海を楽しむ事はできなかったが、冬でも楽しみ方があることを確認できた。","関東","男性","３０代","やや満足"
"大自然の青い海を眺めながらゆったりのんびりできるのは沖縄に限る。","関東","女性","６０代","やや満足"
"野菜売り場で価格表示がないところがあり、若干不安だった。","中部","男性","５０代","やや満足"
"今回は沖縄県で一番高い山に登ることが目的。島は素朴でとても良かった。","九州","女性","６０代","やや満足"
"あまりにも整備されすぎているように感じた。もっと離島らしさをだした方がいい。すばらしい自然を残してもらいたい。","関東","男性","５０代","大変満足"
"国際通りには同じようなおみやげ品を扱う店が多く、沖縄の特産品、名品を扱う専門店がもっとほしい。果物の値段が高かった。地元の言葉を聞きたかったが、ほとんどの方が標準語で残念だった。","近畿","女性","５０代","大変満足"
"沖縄に降り、ホテルに向かって車を走らせているとき、まず気が付いた事は、木々の緑の美しさ。海の素晴らしさ。違う国に来たような自然の美しさに感動しました。一人で来ても退屈しない所だと思った。料理も安くて美味しく、すっかりファンになった。","関東","女性","６０代",NA
"交通マナーが悪くとてもびっくりしました。タクシーの運転が荒く、レンタカーを借りたが、ぶつかってきそうになった。タクシーやトラック等、運転（車）を仕事にしている方にはもっと注意していただきたい。","中国・四国","女性","２０代","大変満足"
"試食が豊富でびっくりしたと同時に、とてもうれしかった。","関東","女性","２０代","大変満足"
"沖縄の自然は素晴らしい。環境保護を第一に考えてほしい。","中部","男性","５０代","大変満足"
"観光道路も草ぼうぼうのところが多いので、せめてきれいにすれば良いと思う。道路はどこへ行っても必ず利用する。どこへ行ってもすがすがしさを感じるようにすれば、さすが観光地だとみんな思うだろう。施設を整えるよりまず、清潔さを感じさせる事だと思う。","九州","男性","６０代",NA
"思ったよりも道路には車が多く、排気ガス臭かった。","関東","女性","１０代","大変満足"
"ひめゆりの塔の所にある「スリに注意」の看板にがっかりした。","北海道・東北","女性","５０代","大変満足"
"高速道路の外灯を増やしてほしい。夜間運転したが暗くて危険だった。","関東","男性","２０代","やや満足"
"私は障害者ですが、皆様におおむね親切にしてもらって大変感謝しています。気になるのは、内地からの年配団体旅行客のマナーの悪さ。障害者でも押しのけて行く人が多かった。","関東","男性","６０代","大変満足"
"料理が内地と比べて満足度が低かった。名所観光はのんびりとでき、もう一度訪ねたい。温泉に浸かれなくて残念だった。","近畿","女性","６０代","やや満足"
"渋滞をなくしてほしい。ガソリンスタンドが少ない。きれいな海をずっと保ってほしい。","関東","女性","３０代","大変満足"
"以前行った時、美栄橋付近が少し臭かった。沖縄はきれいな海と自然が財産なので、沖縄発信でバイオガスでバスを走らせるとか地球を大切にしているとかをアピールしてほしい。","近畿","女性","３０代","大変満足"
"沖縄周辺の観光地を含めた島のＰＲをもっとする必要があるのではと思う。ハワイ、グアムと同じように観光の島であることをＰＲする必要があるのでは？なんとなく中途半端。","関東","男性","６０代","大変満足"
"交通渋滞を解消してほしい。時間が無駄になり観光したい所も行けなくなる。","九州","男性","６０代","やや満足"
"ひめゆりの塔や糸数壕などを中心にまわったが、とても丁寧な説明をしてくださり、大変助かった。","中部","女性","１０代","大変満足"
"もう少しスローの観光をたくさん作って見るべし。","近畿","男性","６０代","やや満足"
"私は沖縄料理が大好きだが、口に合わない人が多く、友人を連れて行くときは困る。気候がわかりにくく、思ったより寒い。衣類の案内があると便利かもしれない。","近畿","女性","３０代","やや不満"
"１７年前にダイビングに行ったときより観光客に親切になった。","中部","男性","４０代","大変満足"
"美ら海水族館は館内も素晴らしかったが、外の花々も大変きれいに手入れされていた。パイナップルは季節が合わなくてすっぱかったので、他に美味しいフルーツを紹介してほしかった。","中国・四国","女性","４０代","大変満足"
"地名の読み方をパンフレット等に記入してほしい。","関東","女性","３０代","大変満足"
"是非、美しい自然を残してほしい。","関東","男性","３０代","大変満足"
"バスターミナルでバスがアイドリングストップをしなかったのはつらかった。排気ガスが多かった。","関東","女性","２０代","大変満足"
"今回、地図にてお店を探すときに、信号の下のところに地名がなく行き過ぎてしまったりと困ってしまった。信号の下のところに地名があると目印になって助かる。","関東","女性","３０代","大変満足"
"20年ほど前に来たとき、にぎやかだった観光地にひとがまばらでちょっと寂しく感じた。中国人と思われる方がたくさんいて圧倒された。","近畿","女性","４０代","やや満足"
"車の渋滞解消","九州","男性","３０代","大変満足"
"海や景色などのリゾート的な面だけじゃなく、アメリカナイズされた空気があったり、昔ながらの風景があったり、いろんな魅力があるのが良い。これからも画一化されないといいな。","関東","女性","２０代","大変満足"
"レンタカー以外の手段で南北を結ぶこと。既にあるのなら、それ以外の情報発信提供を。","近畿","女性","２０代","やや満足"
"ホテル内に大浴場か風呂設備を作って欲しい。","近畿","女性","５０代","やや満足"
"高齢になると、樹木等に興味をもつ人が多い。樹木等の名称を尋ねても答えられない人が多い。駐車場や観光地にある樹木には名称をつけてほしい。","関東","男性","７０代","大変満足"
"観光客向けのフリーペーパーがあるといい。少しでも多く情報はほしい。","中部","女性","２０代","やや満足"
"道路の渋滞がひどすぎる。また、県民のマナーが悪く、ウインカーの合図を出さない車が多くてびっくりした。全体にどこの店でも愛想がないが、県民性か？屋我地島と古宇利島の橋から海に降りることが出来る所があり、歩いたが、ペットボトルなどのゴミが散乱していて、せっかくのきれいな海がだいなしでした。見えない所もきれいにしてほしい。","北海道・東北","女性","３０代","やや満足"
"主人が腰の手術をしており、歩く事が困難だが、子どもと添乗員さんの連携により、何不自由なく思い出を作ることが出来た。","中国・四国","女性","６０代","大変満足"
"バスの本数を増やすと良い。トイレ等が不衛生なので見直してほしい。","近畿","男性","２０代","大変満足"
"思っていた以上に海がきれいだった。人にもすすめたい。","中国・四国","女性","５０代","やや満足"
"あれこれ手を入れすぎないで、ありのまま自然を保持してほしい。","関東","男性","４０代","大変満足"
"宮古島について、これ以上の開発はやめてほしい。今回かなり隅々までまわったが、こんな所まで畑にするのかと思うくらい森が無くなっていた。観光客が道に迷うのはきちんとした標識がないのが原因。狭い島なので島民には不要だが、観光客の為にはきちんと整備すべき。","関東","女性","４０代","大変満足"
"道路の交通標識の改善を求める。もっとわかりやすい標識にしてほしい。","中国・四国","男性","６０代","大変満足"
"どの施設も充実していると思います。今年から定年退職されるMが多くなると思いますが、これを機に移住を考えている人もいるはずです。初めて沖縄を訪れる人にとって、魅力を感じる観光は、自然の素晴らしさや歴史のある遺産・琉球料理とか様々あると思います。でも一番は、沖縄の人たちのやさしい笑顔、人柄だと強く感じています。","近畿","男性","３０代","大変満足"
"離島への直通便があったら（セントレア）利用したいです。","中部","男性","３０代","やや満足"
"国際通りの客引き、呼び込みは度がすぎる。同じような土産物屋ばかりで面白味なし。","関東","男性","７０代","やや満足"
"ちゃんとしたシーサーは高いね","中国・四国","男性","３０代","やや満足"
"約20年前に沖縄へ初めて旅行しました。その時、石垣島で台風に遭い、観光はほとんどできず、帰りの飛行機にも乗れるかどうか、チケットが買えるかどうか等の不安を抱えた数日を過ごしました。今回は、職場の勤続20年のお祝いとしてリフレッシュ休暇があり（3日間）それを利用して、この時期なので、ぜひ、沖縄旅行を、と計画しました。沖縄へはもうこんな時期にお休みはいただけないと思いますので難しいと思いますが、今回のような短期間でもホテル内にいて楽しめることがわかりましたので、機会を見つけて、ぜひ、又計画したいと思っています。沖縄は天候です。それにつきると思います。又、自然の宝庫です。手つかずの景色がいいと思います。整備するのではなく、そのままで十分と思います。","関東","女性","４０代","大変満足"
"もう少し離島情報の入手が容易だと嬉しいです。","関東","女性","３０代","やや満足"
"免税店はいらない。ツアーだったので仕方なく行った感じ。何も買わなかった。空港にあるだけでいいのでは…。成田空港発着を選んだが、もう一便、ちょうどいい時間があるといい。成田を夕方発なので、夜着いたのでホテルの食事がなかった。","関東","女性","６０代",NA
"本島（一昨年）、石垣島（昨年）は良い思い出となったが、今回の与那国は宿が不満足だった。ダイビングでハンマーヘッドに会えたし、海底遺跡に行けたのは良い思い出だった。ダイビングショップの対応は、本島や石垣ではよかったが、与那国は不十分だと思う。","中部","男性","７０代","やや不満"
"今回の沖縄旅行は昨年に続いてでした。昨年は到着日に時間の無駄があり、また、2泊3日だったので観光地を回れなかった。今年は昨年と違った観光地を選択した。しかし、美ら海水族館と首里城は何回見てもはずされない観光施設です。今回はバスガイドの案内が沖縄の歴史・生活・観光施設の案内においてとてもよく説明し、感心した。ガイドの案内によってこんなにも旅行の思い出が違ってくるかと思った。それにしても、パック旅行なのでホテルの食事がバイキングの朝、夕はいやだった。沖縄料理を食べれるようにツアーを組んでほしい。","近畿","女性","６０代",NA
"*もう少し駐車場が多いといいですね　*今度来るときは、日、時を多くとってゆっくり離島にも行ってみたい。","関東","女性","２０代","やや満足"
"沖縄は、海や自然が素晴らしい場所で、何度も行きたくなります。そういった環境をこれから先もずっと維持していくことが大切だと思います。","関東","女性","２０代","やや満足"
"ツアー旅行にいつも参加しているが、宿泊先の食事があまり良くない時がある。ホテルのトイレがウオシュレットになっていない所もあり、これからのホテルに考えていただきたい","九州","女性","６０代","やや満足"
"海外旅行の選択肢もあったのですが、前から1度は行きたいと思っていた沖縄を選んで大正解でした。今までは、期待が大きすぎる分、実際との落差にがっかりすることが多かったのですが、沖縄のすべてが私の期待を上回るすばらしさでした。観光で出会った人、お土産店のお兄さん、観光バスのバスガイドさん、皆さんが魅力的で、ひきこまれてしまいました。2泊3日のかけ足観光だったので、次回はゆっくりじっくり観光がいいなと同行の仲間と話しています。できないけど沖縄に住んでみたい。","北海道・東北","女性","５０代","大変満足"
"タクシーやバスなどだけでなく、モノレールをもう少し長くのばして、便利にしてください","関東","男性","４０代","やや満足"
"サンゴと自然の保護","関東","男性","２０代","大変満足"
"ショッピングなどいろいろ","中部","女性","１０代","大変満足"
"タクシーの運転手はとても強引でした。タクシーに乗るのが嫌になりました。時間、お金に関するルーズさを改善してほしい。プロだという意識を持ち、もっと真摯に対応してほしいと思います。","九州","女性","２０代","やや不満"
"今回初めて沖縄に行きました。団体旅行で大変良かったです。2泊3日の旅行でしたが沖縄は広いです。良さを知るにはもう一度ぜひ行きたいと思います。","中部","男性","５０代","大変満足"
"沖縄本島と離島で海の美しさに差があるのが残念。本島の海も、もっとキレイになってほしい。西表では携帯が使えなかった（2006年8月に来たときです。）。もっと携帯が使えるエリアが広がるとうれしい。","関東","女性","２０代","大変満足"
"*沖縄芸能ショーをもっとホテルでたくさん行って欲しい。","関東","女性","３０代","大変満足"
"次回はやんばる方面で沖縄の自然に触れる旅をしたい。","北海道・東北","女性","３０代","大変満足"
"石垣島周辺が好きですが、雨が降ったら川がオレンジ色になり、海岸の回りもオレンジ色になりびっくりした。美しい海や珊瑚が無くなってしまって魅力が無くなってしまうのでは？マンションがたくさん建っているし･･･","近畿","女性","５０代","やや満足"
"北部に行くたびに山がどんどん削られている。海を守るためにも心配になる。","近畿","女性","２０代","大変満足"
"沖縄で出会った皆さんはとても優しくて安心して旅行ができました。","北海道・東北","女性","２０代","大変満足"
"太陽と青空という素晴らしい天気により、今回の旅行の好感度があがった","中部","男性","４０代","大変満足"
"夜、食事のため繁華街を歩いたが、Fひとりだと恐いと感じるほど夜のお店の人がたむろしており、沖縄の印象が変わった。自然が豊かなイメージが強かったが、町は少しさびれた感じだったのが意外だった。","関東","女性","３０代","やや満足"
"今回、観光施設のシニア割引を体験出来なかった。将来、シニア旅行客の増加が見込まれるなら、少額でも割引を実行してもらいたい。飛行機搭乗時にシニアタグやバッジを発行したらどうか？南国の植物名がわからず、問いかけが多かった。樹木や草花に名札付けをしてはどうか？","関東","男性","６０代","大変満足"
"本土の者がとやかく言うことではない。今のままの沖縄が大好き。将来は住みます。","関東","女性","２０代","大変満足"
"沖縄の方は心の温かい人が多いと思うのだが、一見愛想が無く第一印象ではあまり良い印象を持ちにくかった。琉球の作法や文化など、もっと人に関する情報や案内についてのパンフ（無料）を空港や観光地で配布してもいいのではないか？","関東","女性","３０代","大変満足"
"本部都市部の道路整備（拡幅等）、観光タクシーの充実。","近畿","男性","６０代",NA
"美しい自然をいつまでものこしておいてほしい。本土に比べて本当にに楽園で身も心もいやされました。本当に美しい自然と人の良い人が多く、短い期間でしたがすごく心が癒されました。有難うございました。","中部","女性","５０代","大変満足"
"道路に案内板が少ないような気がした。","九州","男性","５０代","やや満足"
"市内の案内図、通行人にも詳しくわかるようにしてほしい。","近畿","女性","７０代","大変満足"
"沖縄の高速道路は平日のせいか車も少なく、他の県と比べて、車がスピードを出してなかったので子供とF3人の旅だったので安心して走れて良かったです。元気なうちはなるべく行きたいです。ゴーヤも大好き！豚のカクニも…","九州","女性","５０代","大変満足"
"ツアー旅行のせいか土産物店が組まれていて、ちょっと困った。水族館、首里城等もう少し時間をとりたかった。ひどく疲れた印象がある。","関東","男性","６０代","やや不満"
"沖縄での特色が少なくなったように思います。幾分、金沢の街を歩いているようだった。冬どき沖縄に住んでみたい。","近畿",NA,"７０代","大変満足"
"首里城でのガイドの説明者（男）が沖縄の歴史や文化などの説明がすばらしかった。","近畿","女性","７０代","大変満足"
"花粉症の人にとって、すごしやすいです。","関東","女性","５０代","大変満足"
"ホテル大浴場で宿泊者にも入場料が必要なのはびっくりしました。（水不足のせいかな？）","中国・四国","男性","６０代","大変満足"
"事前情報が得にくいように感じましたが、実際に入ってからは、ホテル・島々でFreeマガジンや店のパンフが見つけられ、効率よく計画が立てられました。離島間の移動もスムーズで、2泊3日ながら大満足です。季節を変えてまた行きたいです。季節ごとのPRをもっともっとしていっていいのでは？観光地も人の割に混み合うことなく楽しめました.さすが沖縄だと思いました。石垣空港がちょっとさみしいかなと感じました。でも満足でした。また来ます！！","九州","女性","２０代","大変満足"
"元々海が大好きでした。2年前に織物がみたくってお訪ねしたのですが、2回とも雨風で大変でした。今回は主人と２人で一寸の雨で雨あがりの海と風（潮風）とに2月に思われぬ暖かさで半袖で旅しました。店の方のやさしさ、車のマナーのよさ、特にスピード、駐車のマナーのよさにおどろきでした。又必ず伺いたい。晴れた日に…ゆっくりと…","関東","女性","６０代",NA
"食事について沖縄独特の料理があると思うのですが。今回初めてパック旅行で沖縄にきたのですが食事はバイキングでしたが、どれが沖縄料理なのか良く分かりませんでした。これがそうかな？と思うものもありましたが…ちょっと説明なり書いたものがあれば理解出来たと思うのですが…","中部","男性","７０代",NA
"沖縄らしい自然を残して欲しい。また、戦争体験地から平和に対して、世界に強く、アピールすべきだと思う","中部","男性","４０代","やや満足"
"今回はモノレールを利用した旅でしたが、やっぱりレンタカーを使って北の方の海をみたいと思いました。だから、レンタカーを使わない人のために、もっとわかりやすいバスの使い方の掲示板などがあったらなあと思いました。沖縄は、とってもステキなところでした。また来たいです。","関東","女性","１０代","やや満足"
"定期便の運行がもっと多くなることを希望します。","中部","女性","４０代","やや満足"
"必要なことは、行く私達の時間だけです。HPの情報も沢山あるし、クーポンも、フリーペーパーも充実しているし…タクシーの初乗り450円は激安だし！また、行きます！","中部","女性","３０代","やや満足"
"地元の人の案内が良かったから何の不便も無く、いろいろな説明、お土産のお店と満足の旅行でした。料理の期待はしてませんでしたが、それも素敵なお店ばかり案内して下さり、3人共、大満足。出来たら永住したいです。でもムリ！！コバルトブルーの海が見れなかったのが心残りですが、もう一度行きたいと思っています。","中部","女性","５０代","大変満足"
